C,alpha,estimator,kernel,learning_rate,max_depth,max_score,mean_score,min_samples_leaf,min_samples_split,min_score,n_estimators,n_neighbors,penalty,std_score
,0.9500000000000001,NaiveBayes,,,,0.9261477045908184,0.9101153786831038,,,0.8976377952755905,,,,0.011907445233205492
,1.0,NaiveBayes,,,,0.9261477045908184,0.9115604665555844,,,0.8998035363457761,,,,0.010939585059796152
,1.1500000000000001,NaiveBayes,,,,0.9246031746031745,0.912368374549121,,,0.8998035363457761,,,,0.010127099232898016
,0.8500000000000001,NaiveBayes,,,,0.9239999999999999,0.909399477152831,,,0.8976377952755905,,,,0.010947928967688413
,0.9000000000000001,NaiveBayes,,,,0.9239999999999999,0.9086747156770096,,,0.8954635108481261,,,,0.01174548998152923
,1.35,NaiveBayes,,,,0.9227722772277227,0.9113018542558756,,,0.8962818003913894,,,,0.011102139444256132
,0.2,NaiveBayes,,,,0.9227722772277227,0.9110331984686634,,,0.9019607843137255,,,,0.008702983565440643
,1.2000000000000002,NaiveBayes,,,,0.9227722772277227,0.9111699685374699,,,0.8980392156862745,,,,0.01015490651419649
,1.2500000000000002,NaiveBayes,,,,0.9227722772277227,0.9111699685374699,,,0.8980392156862745,,,,0.01015490651419649
,1.3,NaiveBayes,,,,0.9227722772277227,0.9113018542558756,,,0.8962818003913894,,,,0.011102139444256132
,1.55,NaiveBayes,,,,0.9227722772277227,0.9095344266183547,,,0.8927875243664717,,,,0.012490167695963972
,1.4000000000000001,NaiveBayes,,,,0.9227722772277227,0.9106991852933272,,,0.8962818003913894,,,,0.010940996995774792
,1.5000000000000002,NaiveBayes,,,,0.9227722772277227,0.9095344266183547,,,0.8927875243664717,,,,0.012490167695963972
,1.6,NaiveBayes,,,,0.9227722772277227,0.9095344266183547,,,0.8927875243664717,,,,0.012490167695963972
,1.6500000000000001,NaiveBayes,,,,0.9227722772277227,0.9109670960649353,,,0.8949416342412451,,,,0.011747176934701864
,1.7000000000000002,NaiveBayes,,,,0.9227722772277227,0.9109670960649353,,,0.8949416342412451,,,,0.011747176934701864
,1.4500000000000002,NaiveBayes,,,,0.9227722772277227,0.9095344266183547,,,0.8927875243664717,,,,0.012490167695963972
,1.1,NaiveBayes,,,,0.9224652087475149,0.9116557192639013,,,0.8998035363457761,,,,0.009280921513503284
,1.05,NaiveBayes,,,,0.9224652087475149,0.9103329679411499,,,0.8998035363457761,,,,0.009320750936702505
,0.8,NaiveBayes,,,,0.9218436873747495,0.9098870411229676,,,0.8976377952755905,,,,0.009884179749193124
,0.7500000000000001,NaiveBayes,,,,0.9218436873747495,0.9097506571328061,,,0.8994082840236686,,,,0.009242489966775092
,0.7000000000000001,NaiveBayes,,,,0.9218436873747495,0.9103431527085792,,,0.9011857707509882,,,,0.008594771793377682
,0.6500000000000001,NaiveBayes,,,,0.9218436873747495,0.9109496991347651,,,0.9011857707509882,,,,0.008471330327149664
,1.7500000000000002,NaiveBayes,,,,0.9209486166007904,0.9103592091892913,,,0.8949416342412451,,,,0.011152703235334177
,1.8,NaiveBayes,,,,0.9209486166007904,0.9104949435119769,,,0.8953488372093023,,,,0.010965137887052964
,0.25,NaiveBayes,,,,0.9203187250996014,0.9102153477592897,,,0.9019607843137255,,,,0.007607762793686071
,0.3,NaiveBayes,,,,0.92,0.9105848146227231,,,0.9015748031496063,,,,0.007527509289860295
,0.6000000000000001,NaiveBayes,,,,0.9196787148594378,0.9114318660781741,,,0.902970297029703,,,,0.0068228725713886705
,0.55,NaiveBayes,,,,0.9196787148594378,0.9121545470419226,,,0.9051383399209487,,,,0.005946940047334312
,0.5,NaiveBayes,,,,0.9196787148594378,0.9114245984076806,,,0.9051383399209487,,,,0.0060969924042292584
,0.45,NaiveBayes,,,,0.9196787148594378,0.9114245984076806,,,0.9051383399209487,,,,0.0060969924042292584
,0.4,NaiveBayes,,,,0.9196787148594378,0.9109390182601288,,,0.9051383399209487,,,,0.0062893559335323685
,1.85,NaiveBayes,,,,0.9191321499013807,0.910492344847171,,,0.8953488372093023,,,,0.010743528319405912
,1.9000000000000001,NaiveBayes,,,,0.9191321499013807,0.911204563520795,,,0.8974854932301741,,,,0.00973996579974898
,1.9500000000000002,NaiveBayes,,,,0.9191321499013807,0.911204563520795,,,0.8974854932301741,,,,0.00973996579974898
,0.15000000000000002,NaiveBayes,,,,0.9188118811881189,0.9104364816086333,,,0.9019607843137255,,,,0.006879797050850483
,0.35000000000000003,NaiveBayes,,,,0.9178356713426853,0.9097295761806321,,,0.903353057199211,,,,0.006037665301016499
,0.1,NaiveBayes,,,,0.9173228346456693,0.9064189589569912,,,0.8932038834951456,,,,0.009981221850520272
,0.05,NaiveBayes,,,,0.9158512720156555,0.902391541496093,,,0.8897485493230175,,,,0.010672029770609293
0.05,,LogisticRegression,,,,0.9008620689655172,0.8728267407619846,,,0.847682119205298,,,l2,0.02180663359031605
,,ExtraTrees,,,,0.9008264462809917,0.8740610543658381,2,2,0.851063829787234,100,,,0.0204894902146341
,,ExtraTrees,,,,0.9008264462809917,0.8740610543658381,2,3,0.851063829787234,100,,,0.0204894902146341
0.1,,LogisticRegression,,,,0.8969957081545065,0.8709337826678395,,,0.8471615720524017,,,l2,0.020409023754284463
0.15000000000000002,,LogisticRegression,,,,0.8969957081545065,0.8716841264484221,,,0.8446389496717726,,,l2,0.021409679331342142
0.2,,LogisticRegression,,,,0.8950749464668094,0.8724518827403985,,,0.8464912280701755,,,l2,0.019974134245602366
,,ExtraTrees,,,,0.8944099378881989,0.8741886836635162,1,2,0.8516129032258064,60,,,0.017550961782561086
,,ExtraTrees,,,,0.8921161825726142,0.8719296046142605,1,2,0.8571428571428571,100,,,0.014779535397969997
0.25,,LogisticRegression,,,,0.8903225806451612,0.8704302653876784,,,0.8464912280701755,,,l2,0.018121420781522027
,,ExtraTrees,,,,0.8898128898128898,0.8721381903200084,1,3,0.8547008547008547,100,,,0.01433541090292635
,,ExtraTrees,,,,0.8898128898128898,0.8649219123267068,2,2,0.8448275862068967,60,,,0.01867574689945471
,,ExtraTrees,,,,0.8898128898128898,0.8649219123267068,2,3,0.8448275862068967,60,,,0.01867574689945471
0.7500000000000001,,LogisticRegression,,,,0.8893617021276596,0.8696330445517843,,,0.8516129032258064,,,l2,0.015458163441264331
0.8,,LogisticRegression,,,,0.8893617021276596,0.8704544945494769,,,0.8540772532188842,,,l2,0.014515477500687678
0.8500000000000001,,LogisticRegression,,,,0.8893617021276596,0.8710667363080568,,,0.8559139784946237,,,l2,0.013834561971707342
0.6500000000000001,,LogisticRegression,,,,0.8893617021276596,0.8710306685909178,,,0.8516129032258064,,,l2,0.015430029038279704
0.9500000000000001,,LogisticRegression,,,,0.8893617021276596,0.8710667363080568,,,0.8559139784946237,,,l2,0.013834561971707342
0.9000000000000001,,LogisticRegression,,,,0.8893617021276596,0.8710667363080568,,,0.8559139784946237,,,l2,0.013834561971707342
0.7000000000000001,,LogisticRegression,,,,0.8893617021276596,0.8696330445517843,,,0.8516129032258064,,,l2,0.015458163441264331
0.35000000000000003,,LogisticRegression,,,,0.8884120171673819,0.8708540690764867,,,0.8496732026143791,,,l2,0.016021196197253538
0.6000000000000001,,LogisticRegression,,,,0.886993603411514,0.8708520288230844,,,0.8516129032258064,,,l2,0.01460923459316163
0.55,,LogisticRegression,,,,0.886993603411514,0.8706383684965556,,,0.8509719222462203,,,l2,0.014891014491389673
0.5,,LogisticRegression,,,,0.8865096359743041,0.8704770460174857,,,0.8509719222462203,,,l2,0.01471453119819922
0.4,,LogisticRegression,,,,0.886021505376344,0.8715018969855034,,,0.8521739130434783,,,l2,0.014230372055662903
0.3,,LogisticRegression,,,,0.886021505376344,0.8698379367035649,,,0.849015317286652,,,l2,0.015459734432548798
0.45,,LogisticRegression,,,,0.8841201716738197,0.8716980728713261,,,0.8546637744034706,,,l2,0.012459912368659974
,,ExtraTrees,,,,0.8828451882845189,0.8712010138862553,1,3,0.8565310492505354,60,,,0.010953691408098223
,,RandomForest,,,,0.8796498905908097,0.8647673320529251,,4,0.8496732026143791,100,,,0.012238846002069934
,,RandomForest,,,,0.8777292576419214,0.8626635526770506,,3,0.847682119205298,100,,,0.012266837634338026
,,RandomForest,,,,0.8760683760683762,0.859588963913173,,2,0.8337028824833702,60,,,0.01853056631274518
,,RandomForest,,,,0.8752735229759301,0.8589432387506228,,2,0.8395604395604396,100,,,0.014738712460015862
,,ExtraTrees,,,,0.8697478991596639,0.8487987396356624,1,3,0.8207343412526997,20,,,0.02063253389980472
,,RandomForest,,,,0.8676789587852495,0.8397297276594667,,3,0.8203991130820399,20,,,0.020241152237220724
,,RandomForest,,,,0.8671023965141611,0.8576788734540329,,4,0.8402625820568929,60,,,0.01232902183987036
,,ExtraTrees,,,,0.8668076109936577,0.8444343417447494,1,2,0.8156182212581343,20,,,0.021388800097671693
,,RandomForest,,,,0.8665207877461708,0.8400098532253318,,4,0.8245614035087718,20,,,0.01883138176783818
,,RandomForest,,,,0.8652173913043477,0.8547228560283164,,3,0.8381374722838137,60,,,0.01186463455931339
,,ExtraTrees,,,,0.8625792811839323,0.8536092475567911,2,3,0.838709677419355,20,,,0.010608457267346376
,,ExtraTrees,,,,0.8625792811839323,0.8536092475567911,2,2,0.838709677419355,20,,,0.010608457267346376
,,BaggedDecisionTree,,,,0.85838779956427,0.8421599614803372,,,0.8271334792122538,100,,,0.012787769599994636
0.9500000000000001,,LogisticRegression,,,,0.8558951965065502,0.8496645247934271,,,0.8425720620842572,,,l1,0.0054731764390387174
,,RandomForest,,,,0.8545861297539149,0.8271599465357554,,2,0.7972972972972974,20,,,0.023451437142339493
0.8500000000000001,,LogisticRegression,,,,0.8540305010893247,0.8478285204150072,,,0.8444444444444446,,,l1,0.0043915495131213525
,,BaggedDecisionTree,,,,0.8533916849015317,0.8404945899260912,,,0.8271334792122538,60,,,0.0107248877059923
0.9000000000000001,,LogisticRegression,,,,0.851528384279476,0.8479982460394967,,,0.8425720620842572,,,l1,0.0038944549324999517
0.8,,LogisticRegression,,,,0.849015317286652,0.8467560907897981,,,0.8444444444444446,,,l1,0.0018664191232223275
0.6500000000000001,,LogisticRegression,,,,0.8483516483516483,0.8411564737903068,,,0.8351177730192718,,,l1,0.00546424363774595
0.6000000000000001,,LogisticRegression,,,,0.8458149779735683,0.840072821759518,,,0.8351177730192718,,,l1,0.004402438876353639
0.45,,LogisticRegression,,,,0.8456375838926175,0.834122491886975,,,0.8271334792122538,,,l1,0.008204247602626683
0.4,,LogisticRegression,,,,0.8456375838926175,0.8344906281411824,,,0.8263736263736263,,,l1,0.008151093206095805
0.55,,LogisticRegression,,,,0.8451327433628318,0.8387203561619948,,,0.8348214285714286,,,l1,0.004569384538512789
0.7500000000000001,,LogisticRegression,,,,0.8450106157112526,0.8436215839285509,,,0.8414096916299558,,,l1,0.0015810309149999118
0.7000000000000001,,LogisticRegression,,,,0.8443496801705757,0.8427685747088732,,,0.8400000000000001,,,l1,0.001964262678684082
0.5,,LogisticRegression,,,,0.8425720620842572,0.835073869931208,,,0.8304347826086955,,,l1,0.0053515884614428015
,,BaggedDecisionTree,,,,0.8395604395604396,0.8263648643668061,,,0.8167770419426048,20,,,0.009644781379485243
0.35000000000000003,,LogisticRegression,,,,0.8352144469525961,0.828744417138405,,,0.8248337028824834,,,l1,0.004608147419328449
0.25,,LogisticRegression,,,,0.8310502283105023,0.8151769944007095,,,0.805491990846682,,,l1,0.01131448987703442
0.3,,LogisticRegression,,,,0.8291571753986332,0.8231967572380275,,,0.8190045248868779,,,l1,0.004329275451006608
0.2,,LogisticRegression,,,,0.8275862068965516,0.8088909882958064,,,0.7990867579908675,,,l1,0.013224772251071064
,,RandomForest,,,10,0.8146453089244853,0.8042274776281247,,3,0.7906976744186047,100,,,0.010021163488605205
,,RandomForest,,,10,0.812933025404157,0.8027784414182438,,4,0.7954022988505747,60,,,0.007421652821758718
,,RandomForest,,,10,0.8127853881278538,0.8045427726491869,,4,0.7935034802784223,100,,,0.00811640494338828
,,RandomForest,,,10,0.8110599078341015,0.802761445698042,,3,0.7926267281105991,60,,,0.007636508986082872
,,DecisionTree,,,,0.8104575163398692,0.802003066610975,1,3,0.7854251012145748,,,,0.011723170272340412
,,DecisionTree,,,,0.810126582278481,0.8026334081356539,1,2,0.7943548387096773,,,,0.006462693355617849
,,RandomForest,,,10,0.8100686498855835,0.8030203517765341,,2,0.7925407925407926,100,,,0.007555863527287722
,,RandomForest,,,10,0.8074245939675175,0.7969078480858914,,2,0.7842227378190254,60,,,0.009595411586246607
0.15000000000000002,,LogisticRegression,,,,0.8066037735849056,0.7943109389922034,,,0.7754137115839242,,,l1,0.013562656948476793
,,RandomForest,,,6,0.8065268065268066,0.7895019463078242,,4,0.7749419953596288,100,,,0.01301171030012272
,,RandomForest,,,6,0.8065268065268066,0.7895019463078242,,3,0.7749419953596288,100,,,0.01301171030012272
,,ExtraTrees,,,14,0.806378132118451,0.7947904555984014,1,2,0.7881548974943051,100,,,0.008222496686768792
,,ExtraTrees,,,14,0.8045977011494253,0.7810225329992396,2,3,0.7674418604651161,100,,,0.016734327617287263
,,ExtraTrees,,,14,0.8045977011494253,0.7810225329992396,2,2,0.7674418604651161,100,,,0.016734327617287263
,,ExtraTrees,,,14,0.8045454545454545,0.7941795630740692,1,3,0.7881548974943051,100,,,0.007361941401256734
,,RandomForest,,,6,0.8037383177570093,0.7901156599277682,,2,0.7749419953596288,100,,,0.011807095672562065
,,ExtraTrees,,,14,0.8,0.7898819108964036,1,3,0.782608695652174,60,,,0.0073794465549687225
,,DecisionTree,,,,0.7991169977924945,0.7841343402083178,2,3,0.7714285714285714,,,,0.011417834167021414
,,DecisionTree,,,,0.7991169977924945,0.7841343402083178,2,2,0.7714285714285714,,,,0.011417834167021414
,,RandomForest,,,6,0.7990654205607477,0.7778384969404977,,2,0.7494033412887828,60,,,0.0209053340269624
,,ExtraTrees,,,14,0.7954545454545454,0.7859693212952087,1,2,0.7790432801822323,60,,,0.006939955348470268
,,ExtraTrees,,,10,0.7926267281105991,0.7815326847584911,1,3,0.7741935483870969,100,,,0.007979975919140432
,,ExtraTrees,,,14,0.7926267281105991,0.7694912408820395,2,3,0.7523809523809524,60,,,0.01697366353697024
,,ExtraTrees,,,14,0.7926267281105991,0.7694912408820395,2,2,0.7523809523809524,60,,,0.01697366353697024
0.1,,LogisticRegression,,,,0.7923627684964201,0.7768589793867955,,,0.7541766109785203,,,l1,0.01639501259643157
,,RandomForest,,,6,0.7915690866510539,0.7750970349778807,,3,0.7458432304038004,60,,,0.02074035338498371
,,RandomForest,,,6,0.7915690866510539,0.7744297795189735,,4,0.7428571428571429,60,,,0.022352540765813902
,,ExtraTrees,,,10,0.7906976744186047,0.776478684670697,2,3,0.7648456057007127,100,,,0.01071128890974961
,,ExtraTrees,,,10,0.7906976744186047,0.776478684670697,2,2,0.7648456057007127,100,,,0.01071128890974961
,,RandomForest,,,10,0.7881548974943052,0.7733822830681888,,2,0.7605633802816902,20,,,0.011348588675883602
,,ExtraTrees,,,10,0.787037037037037,0.781205552710929,1,2,0.7777777777777777,100,,,0.004144621787480405
,,RandomForest,,,10,0.7863636363636363,0.7716005178622,,3,0.7570093457943925,20,,,0.011984455706954366
,,ExtraTrees,,,10,0.786046511627907,0.7743639282395254,1,2,0.766743648960739,60,,,0.008387564715935596
,,ExtraTrees,,,10,0.786046511627907,0.7780442779692592,1,3,0.7738927738927738,60,,,0.005659765835545089
,,ExtraTrees,,,10,0.7850467289719625,0.7743778632948507,2,3,0.7670588235294118,60,,,0.007716095116979969
,,ExtraTrees,,,10,0.7850467289719625,0.7743778632948507,2,2,0.7670588235294118,60,,,0.007716095116979969
,,ExtraTrees,,,6,0.7840375586854461,0.7633316496499581,2,2,0.7476635514018691,100,,,0.015270925634762131
,,ExtraTrees,,,6,0.7840375586854461,0.7633316496499581,2,3,0.7476635514018691,100,,,0.015270925634762131
,,RandomForest,,,10,0.7828054298642534,0.7682201271197862,,4,0.7570093457943925,20,,,0.01079814905252044
,,ExtraTrees,,,6,0.7813953488372094,0.7627251652284226,1,3,0.7464114832535884,60,,,0.014378978585799736
,,ExtraTrees,,,6,0.7813953488372094,0.7633218170935333,1,2,0.7482014388489209,60,,,0.013711303166108923
,,ExtraTrees,,,6,0.7793427230046949,0.7717695659542331,1,2,0.7678160919540229,100,,,0.005356764252344158
,,ExtraTrees,,,6,0.7793427230046949,0.770823188144674,1,3,0.7649769585253456,100,,,0.006161910848184945
,,ExtraTrees,,,6,0.7746478873239436,0.7518541198884124,2,3,0.7391304347826086,60,,,0.016153993878751414
,,ExtraTrees,,,6,0.7746478873239436,0.7518541198884124,2,2,0.7391304347826086,60,,,0.016153993878751414
,,RandomForest,,,2,0.7710280373831776,0.728591584228159,,4,0.6865671641791045,60,,,0.03448223797898408
,,RandomForest,,,2,0.7710280373831776,0.728591584228159,,2,0.6865671641791045,60,,,0.03448223797898408
,,RandomForest,,,2,0.7710280373831776,0.728591584228159,,3,0.6865671641791045,60,,,0.03448223797898408
,,RandomForest,,,6,0.7673860911270983,0.7442180521317212,,2,0.7319347319347319,20,,,0.016392224673841146
,,DecisionTree,,,14,0.7659574468085105,0.7573281048924946,1,3,0.7464114832535886,,,,0.008141863391167148
,,DecisionTree,,,14,0.7659574468085105,0.7573281048924946,1,2,0.7464114832535886,,,,0.008141863391167148
,,RandomForest,,,6,0.7644230769230768,0.7432303807303806,,3,0.7319347319347319,20,,,0.01499637290380532
,,ExtraTrees,,,14,0.7640449438202247,0.7463649764619635,1,3,0.7238979118329467,20,,,0.016735855113231907
,,RandomForest,,,2,0.7638888888888888,0.7443389517730997,,2,0.7294685990338164,100,,,0.014436365444700837
,,RandomForest,,,2,0.7638888888888888,0.7443389517730997,,3,0.7294685990338164,100,,,0.014436365444700837
,,RandomForest,,,2,0.7638888888888888,0.7443389517730997,,4,0.7294685990338164,100,,,0.014436365444700837
,,ExtraTrees,,,14,0.761467889908257,0.7427165785628213,1,2,0.7213114754098361,20,,,0.016500835626529313
,,RandomForest,,,6,0.7596153846153847,0.7446223004733642,,4,0.7319347319347319,20,,,0.011417564972585927
0.05,,LogisticRegression,,,,0.7594339622641512,0.7398359489634885,,,0.7149758454106281,,,l1,0.01852742532764306
,,ExtraTrees,,,6,0.759090909090909,0.6981321856572961,1,3,0.6463104325699746,20,,,0.04649352744489652
,,ExtraTrees,,,6,0.759090909090909,0.6975840589943597,1,2,0.6463104325699746,20,,,0.04660756820600182
,,ExtraTrees,,,10,0.7557603686635945,0.7374970459647878,1,3,0.7067307692307692,20,,,0.021881777804690937
,,ExtraTrees,,,14,0.7540983606557377,0.7376406300225008,2,3,0.7247058823529412,20,,,0.012255284626556284
,,ExtraTrees,,,14,0.7540983606557377,0.7376406300225008,2,2,0.7247058823529412,20,,,0.012255284626556284
,,ExtraTrees,,,10,0.7528868360277137,0.7361401129829703,1,2,0.7084337349397589,20,,,0.01973330648671712
,,DecisionTree,,,14,0.7511961722488038,0.7445285991213207,2,3,0.737864077669903,,,,0.00544280524789277
,,DecisionTree,,,14,0.7511961722488038,0.7445285991213207,2,2,0.737864077669903,,,,0.00544280524789277
,,ExtraTrees,,,6,0.7424593967517402,0.6905386061499416,2,2,0.6481012658227847,20,,,0.039100861797281665
,,ExtraTrees,,,6,0.7424593967517402,0.6905386061499416,2,3,0.6481012658227847,20,,,0.039100861797281665
,,DecisionTree,,,10,0.7401960784313726,0.7205118161830963,2,3,0.7035175879396985,,,,0.015094262229900646
,,DecisionTree,,,10,0.7401960784313726,0.7205118161830963,2,2,0.7035175879396985,,,,0.015094262229900646
,,ExtraTrees,,,10,0.7341176470588235,0.722748532886449,2,2,0.7004830917874396,20,,,0.01574522747681614
,,ExtraTrees,,,10,0.7341176470588235,0.722748532886449,2,3,0.7004830917874396,20,,,0.01574522747681614
,,DecisionTree,,,10,0.7339901477832513,0.7227315865700747,1,2,0.7132169576059851,,,,0.008569804832560726
,,DecisionTree,,,10,0.7339901477832513,0.7227315865700747,1,3,0.7132169576059851,,,,0.008569804832560726
,,RandomForest,,,2,0.6967418546365914,0.6803886681044155,,2,0.6635730858468678,20,,,0.013545040005149923
,,RandomForest,,,2,0.6967418546365914,0.6803886681044155,,4,0.6635730858468678,20,,,0.013545040005149923
,,RandomForest,,,2,0.6967418546365914,0.6803886681044155,,3,0.6635730858468678,20,,,0.013545040005149923
,,DecisionTree,,,6,0.6907216494845361,0.6860880102557919,1,3,0.6805194805194805,,,,0.0042171537078729395
,,DecisionTree,,,6,0.6907216494845361,0.6860880102557919,1,2,0.6805194805194805,,,,0.0042171537078729395
,,DecisionTree,,,6,0.6839378238341969,0.6792561204282596,2,3,0.6701570680628272,,,,0.006434906696034329
,,DecisionTree,,,6,0.6839378238341969,0.6792561204282596,2,2,0.6701570680628272,,,,0.006434906696034329
,,KNN,,,,0.43827160493827155,0.39098532823265336,,,0.35526315789473684,,3,,0.034860646266790724
,,KNN,,,,0.37662337662337664,0.31301219239924133,,,0.26989619377162627,,5,,0.045918132688112054
,,KNN,,,,0.34437086092715236,0.2742837171921752,,,0.2206405693950178,,7,,0.05183370854607406
,,KNN,,,,0.26989619377162627,0.22868666599683776,,,0.1884057971014493,,9,,0.033274795194475286
,,KNN,,,,0.24647887323943662,0.19675973176687608,,,0.14814814814814814,,11,,0.040150989091547316
,,KNN,,,,0.1758241758241758,0.15495196627272098,,,0.11320754716981131,,13,,0.02951776182436068
,,KNN,,,,0.16236162361623616,0.14178826320149227,,,0.12121212121212122,,15,,0.0167992141250602
,,KNN,,,,0.1348314606741573,0.11820166876346651,,,0.08494208494208494,,17,,0.023518077259541293
,,KNN,,,,0.12781954887218047,0.1086978818994246,,,0.07751937984496124,,19,,0.022234390857143287
,,KNN,,,,0.12075471698113208,0.10384944815603359,,,0.07003891050583658,,21,,0.023907660448017377
,,AdaBoost,,0.5777777777777778,,0.8720173535791756,0.8481223434447128,,,0.8281938325991189,125.0,,,0.018109391398365936
0.5,,SVM,linear,,,0.8706896551724138,0.8466146733449386,,,0.8344086021505376,,,,0.017024139367497675
0.35000000000000003,,SVM,linear,,,0.8706896551724138,0.8490873245581443,,,0.8369098712446352,,,,0.015316433106365256
0.7500000000000001,,SVM,linear,,,0.8706896551724138,0.8493042304498601,,,0.8351177730192718,,,,0.015388492400326215
0.7000000000000001,,SVM,linear,,,0.8706896551724138,0.8504937943190445,,,0.8369098712446352,,,,0.0145615187268014
0.6500000000000001,,SVM,linear,,,0.8706896551724138,0.8499175102317742,,,0.8394004282655246,,,,0.014688514051558103
0.4,,SVM,linear,,,0.8706896551724138,0.8504713489322119,,,0.8344086021505376,,,,0.015100335711589712
0.2,,SVM,linear,,,0.8689956331877728,0.8382732122567991,,,0.8146551724137929,,,,0.02274607060958611
0.25,,SVM,linear,,,0.8689956331877728,0.8402115580607656,,,0.8197424892703862,,,,0.0209495034821086
0.6000000000000001,,SVM,linear,,,0.8682505399568033,0.848887186340194,,,0.8372093023255814,,,,0.013788629148007148
0.55,,SVM,linear,,,0.8682505399568033,0.8474565711756733,,,0.8369098712446352,,,,0.01470406447202079
0.45,,SVM,linear,,,0.8682505399568033,0.8474405297882416,,,0.8344086021505376,,,,0.014870398212857076
0.8,,SVM,linear,,,0.8669527896995709,0.8480586086255791,,,0.8351177730192718,,,,0.013661352140300256
0.1,,SVM,linear,,,0.8646288209606987,0.8416728312246704,,,0.8256070640176602,,,,0.016658946617457263
0.8500000000000001,,SVM,linear,,,0.8645161290322579,0.8472463884031415,,,0.8351177730192718,,,,0.012540313942297104
0.9000000000000001,,SVM,linear,,,0.8645161290322579,0.8464321164363046,,,0.8351177730192718,,,,0.012921226713192822
0.15000000000000002,,SVM,linear,,,0.8640350877192982,0.8399361693995336,,,0.8278867102396514,,,,0.017040508563166183
0.3,,SVM,linear,,,0.8633405639913232,0.8435681174847535,,,0.832618025751073,,,,0.014008189195013735
,,AdaBoost,,0.7888888888888891,,0.8601694915254238,0.8365017849676777,,,0.8235294117647058,150.0,,,0.016761393694941857
,,GradientBoosting,,0.5777777777777778,1.0,0.8596491228070176,0.8347675485031069,,,0.8198198198198199,65.0,,,0.017712600236785954
,,AdaBoost,,0.5777777777777778,,0.8590021691973969,0.8384351794131572,,,0.8185840707964602,100.0,,,0.016508382395447517
0.95,,SVM,linear,,,0.8589743589743589,0.8431723315444245,,,0.8333333333333334,,,,0.011285206749827114
0.05,,SVM,linear,,,0.8565121412803531,0.8393185053112485,,,0.8277404921700224,,,,0.012399015093701057
,,GradientBoosting,,0.7888888888888891,3.0,0.8558951965065502,0.8340623889104825,,,0.8203991130820399,20.0,,,0.015600190631241804
,,GradientBoosting,,0.6833333333333333,1.0,0.8558951965065502,0.8321744868083808,,,0.8109339407744874,65.0,,,0.01843894498251248
,,GradientBoosting,,0.5777777777777778,1.0,0.8552631578947368,0.8296612836883238,,,0.798165137614679,50.0,,,0.023679848121825785
,,GradientBoosting,,0.7888888888888891,1.0,0.8533916849015317,0.8174928142974665,,,0.7990867579908675,65.0,,,0.02538707263848249
,,GradientBoosting,,0.7888888888888891,1.0,0.8528138528138528,0.8203384879723576,,,0.7937219730941704,80.0,,,0.024477297704482117
,,GradientBoosting,,0.6833333333333333,3.0,0.8527472527472527,0.8408024646435243,,,0.8219780219780219,20.0,,,0.013470551230976544
,,AdaBoost,,0.4722222222222222,,0.8527472527472527,0.8353972160101087,,,0.8193832599118943,125.0,,,0.01365351818115643
,,GradientBoosting,,0.5777777777777778,1.0,0.8520971302428254,0.8378027488165359,,,0.8208616780045351,95.0,,,0.01288842097028584
,,GradientBoosting,,0.5777777777777778,1.0,0.8520971302428254,0.8347206489123907,,,0.8243243243243243,80.0,,,0.012365924369214623
,,AdaBoost,,0.4722222222222222,,0.8516129032258065,0.8386664961875718,,,0.8263736263736263,150.0,,,0.010314249275731713
,,AdaBoost,,0.5777777777777778,,0.8516129032258065,0.8396483911695866,,,0.8300220750551875,150.0,,,0.00896814122212845
,,GradientBoosting,,0.4722222222222222,1.0,0.851441241685144,0.8321886527461441,,,0.8117913832199546,65.0,,,0.01620721113809949
,,GradientBoosting,,0.4722222222222222,1.0,0.851441241685144,0.8276854492530967,,,0.8009153318077803,50.0,,,0.02073694784192512
,,GradientBoosting,,0.36666666666666653,3.0,0.8507795100222718,0.8407589028600344,,,0.8340807174887893,80.0,,,0.007215319609033155
,,GradientBoosting,,0.5777777777777778,2.0,0.8507795100222718,0.8262760236782093,,,0.806378132118451,35.0,,,0.01841700694878485
,,GradientBoosting,,0.6833333333333333,1.0,0.8502202643171807,0.8353172761940884,,,0.8216704288939052,80.0,,,0.011689217053885271
,,GradientBoosting,,0.2611111111111111,3.0,0.8502202643171807,0.8362157435364385,,,0.8269662921348314,95.0,,,0.01007124021375254
,,GradientBoosting,,0.6833333333333333,1.0,0.8495575221238938,0.819460456452779,,,0.7832167832167832,50.0,,,0.027430020027977176
,,AdaBoost,,0.6833333333333333,,0.849015317286652,0.835532030449206,,,0.8286334056399132,100.0,,,0.009534985093944657
,,GradientBoosting,,0.15555555555555556,3.0,0.8488888888888889,0.8328643960140442,,,0.8190045248868779,140.0,,,0.012295879890816132
,,GradientBoosting,,0.36666666666666653,2.0,0.8488888888888889,0.8381199015849128,,,0.8261851015801355,140.0,,,0.009305368664747276
,,AdaBoost,,0.36666666666666653,,0.8483516483516483,0.8373807528632554,,,0.8159645232815965,150.0,,,0.015145081067588809
,,GradientBoosting,,0.7888888888888891,1.0,0.8483516483516483,0.8218460621395159,,,0.8045454545454545,110.0,,,0.019031454270335615
,,GradientBoosting,,0.36666666666666653,2.0,0.8482142857142857,0.83749284999285,,,0.8198198198198199,125.0,,,0.012591132393410193
,,GradientBoosting,,0.36666666666666653,3.0,0.8482142857142857,0.8304823539689009,,,0.8136363636363636,50.0,,,0.014130271121413096
,,GradientBoosting,,0.36666666666666653,3.0,0.8482142857142857,0.8385427788454693,,,0.8333333333333333,125.0,,,0.006845591262709501
,,GradientBoosting,,0.15555555555555556,3.0,0.8482142857142857,0.8326395282891764,,,0.8190045248868779,125.0,,,0.012003458283632248
,,GradientBoosting,,0.15555555555555556,2.0,0.8482142857142857,0.8288104359573607,,,0.8154897494305238,125.0,,,0.01403513388867936
,,GradientBoosting,,0.36666666666666653,3.0,0.8482142857142857,0.8420222115691914,,,0.8366890380313199,110.0,,,0.004744197594833985
,,GradientBoosting,,0.36666666666666653,2.0,0.8482142857142857,0.8348784305567353,,,0.8190045248868779,110.0,,,0.01205912675668952
,,AdaBoost,,0.15555555555555556,,0.8475336322869955,0.8313781642762099,,,0.8154897494305238,150.0,,,0.013083223231160408
,,AdaBoost,,0.7888888888888891,,0.8473118279569891,0.8227486852613981,,,0.8017621145374448,100.0,,,0.018766779131431183
,,GradientBoosting,,0.5777777777777778,3.0,0.8470066518847006,0.8258787326364269,,,0.8044444444444444,50.0,,,0.01737729883102476
,,GradientBoosting,,0.4722222222222222,2.0,0.8463251670378621,0.8253029923934116,,,0.8018433179723503,35.0,,,0.0182412495541008
,,GradientBoosting,,0.4722222222222222,2.0,0.8463251670378621,0.8333250105699096,,,0.8240534521158129,125.0,,,0.009466930292829969
,,GradientBoosting,,0.2611111111111111,3.0,0.8463251670378621,0.8333360211391292,,,0.8222222222222223,80.0,,,0.009928936899222909
,,GradientBoosting,,0.2611111111111111,2.0,0.8463251670378621,0.8313929677089641,,,0.8235294117647058,125.0,,,0.010563645333337495
,,GradientBoosting,,0.7888888888888891,1.0,0.8459869848156182,0.8115534201652849,,,0.7795823665893272,95.0,,,0.02716543515865251
,,GradientBoosting,,0.2611111111111111,2.0,0.8456375838926175,0.8370630175428154,,,0.8295964125560538,65.0,,,0.006595477149721142
,,GradientBoosting,,0.15555555555555556,3.0,0.8456375838926175,0.8230708693961831,,,0.8109339407744874,110.0,,,0.01597228926322717
,,GradientBoosting,,0.15555555555555556,2.0,0.8456375838926175,0.8273227833546434,,,0.8109339407744874,110.0,,,0.01423300617014539
,,AdaBoost,,0.6833333333333333,,0.8454935622317595,0.8286148131415807,,,0.8157894736842106,150.0,,,0.012460760178754936
,,GradientBoosting,,0.6833333333333333,2.0,0.8453159041394335,0.8304352930255923,,,0.8214285714285714,35.0,,,0.0105996257654603
,,AdaBoost,,0.4722222222222222,,0.8451327433628318,0.8296816936750565,,,0.8090909090909091,100.0,,,0.015156211279536537
,,GradientBoosting,,0.2611111111111111,3.0,0.8451327433628318,0.8341429853513594,,,0.8261851015801355,125.0,,,0.008026932927665325
,,GradientBoosting,,0.2611111111111111,3.0,0.8451327433628318,0.832761379025933,,,0.8261851015801355,140.0,,,0.008753687083658238
,,AdaBoost,,0.36666666666666653,,0.8446389496717726,0.835344747711933,,,0.8251121076233184,125.0,,,0.007999370378868283
,,GradientBoosting,,0.8944444444444445,3.0,0.8446389496717723,0.8262591203217289,,,0.8098434004474274,20.0,,,0.014272954750867737
,,AdaBoost,,1.0,,0.8441558441558442,0.8251050465815567,,,0.8034188034188035,100.0,,,0.016734909661944245
,,GradientBoosting,,0.8944444444444445,1.0,0.8439560439560441,0.8122948190021361,,,0.7893569844789357,80.0,,,0.023127724767777764
,,GradientBoosting,,0.7888888888888891,2.0,0.8432671081677704,0.8249036772970353,,,0.8144796380090499,35.0,,,0.013024465787201712
,,GradientBoosting,,0.8944444444444445,1.0,0.8432671081677704,0.8189432167672469,,,0.8063063063063063,110.0,,,0.017203960031966056
,,AdaBoost,,1.0,,0.8432203389830508,0.8353697693069847,,,0.8284518828451882,125.0,,,0.006065159940602165
,,GradientBoosting,,0.2611111111111111,2.0,0.84304932735426,0.8287218659957697,,,0.8187919463087249,110.0,,,0.010379753155740115
,,GradientBoosting,,0.15555555555555556,2.0,0.84304932735426,0.8283224545171576,,,0.8146453089244853,140.0,,,0.011619624526507426
,,GradientBoosting,,0.36666666666666653,3.0,0.84304932735426,0.8405430397950903,,,0.8374164810690422,95.0,,,0.0023410526917846783
,,GradientBoosting,,0.36666666666666653,3.0,0.8425720620842572,0.8413949370828243,,,0.8404494382022472,140.0,,,0.0008818998548651582
,,GradientBoosting,,0.36666666666666653,3.0,0.8423423423423423,0.8336748904164635,,,0.8227272727272728,65.0,,,0.008168521120012713
,,AdaBoost,,0.2611111111111111,,0.8423423423423423,0.8301840445625458,,,0.8119266055045871,125.0,,,0.013144806454620066
,,GradientBoosting,,0.6833333333333333,1.0,0.8418708240534521,0.8321577508563082,,,0.8198198198198199,95.0,,,0.009191630466008805
,,AdaBoost,,0.2611111111111111,,0.8414096916299558,0.8362527013906865,,,0.8261851015801355,150.0,,,0.007119578654080002
,,GradientBoosting,,0.2611111111111111,3.0,0.8411633109619687,0.8324858960005853,,,0.8248337028824834,65.0,,,0.006705835015286061
,,GradientBoosting,,0.2611111111111111,2.0,0.8411633109619687,0.8276264326474779,,,0.8200455580865603,140.0,,,0.009594976364783663
,,GradientBoosting,,0.7888888888888891,3.0,0.8407079646017699,0.8284771340027115,,,0.8203991130820399,95.0,,,0.008795708562751428
,,GradientBoosting,,0.4722222222222222,3.0,0.8407079646017699,0.8319039089430028,,,0.8216704288939052,125.0,,,0.007837490330576053
,,GradientBoosting,,0.5777777777777778,3.0,0.8407079646017699,0.8291635003729979,,,0.8216704288939052,65.0,,,0.008283207062733292
,,GradientBoosting,,0.7888888888888891,3.0,0.8407079646017699,0.8330463396686595,,,0.8232662192393736,110.0,,,0.007276429421868723
,,GradientBoosting,,0.4722222222222222,3.0,0.8407079646017699,0.8339149657118847,,,0.8224719101123595,95.0,,,0.008138619513870744
,,GradientBoosting,,0.2611111111111111,2.0,0.8404494382022472,0.8312967672423813,,,0.8208616780045351,80.0,,,0.00804792042996375
,,GradientBoosting,,0.7888888888888891,3.0,0.8402625820568927,0.8326663878240366,,,0.8195991091314031,125.0,,,0.00928060171217803
,,GradientBoosting,,0.4722222222222222,2.0,0.84,0.8343280710466067,,,0.8300220750551875,110.0,,,0.00418641264039854
,,GradientBoosting,,0.2611111111111111,3.0,0.84,0.8298968356111213,,,0.8208616780045351,110.0,,,0.007849599610417103
,,GradientBoosting,,0.4722222222222222,2.0,0.84,0.834446388800509,,,0.8240534521158129,140.0,,,0.007354699210685397
,,GradientBoosting,,0.4722222222222222,3.0,0.84,0.8304222804833197,,,0.8216704288939052,140.0,,,0.007505768342117994
,,AdaBoost,,0.8944444444444445,,0.839662447257384,0.8212357588667422,,,0.803532008830022,150.0,,,0.014759045252229309
,,GradientBoosting,,0.7888888888888891,1.0,0.8395604395604396,0.8126441234164812,,,0.7824074074074074,50.0,,,0.023450459306370026
,,GradientBoosting,,0.8944444444444445,1.0,0.8395604395604396,0.8080762727821552,,,0.7882882882882882,95.0,,,0.022506426993806818
,,GradientBoosting,,0.2611111111111111,2.0,0.8392857142857143,0.8230863052291624,,,0.8117913832199546,50.0,,,0.011748051046494895
,,GradientBoosting,,0.5777777777777778,3.0,0.8392857142857143,0.8253920842321372,,,0.8054298642533937,110.0,,,0.01447239862894464
,,GradientBoosting,,0.36666666666666653,2.0,0.8392857142857143,0.8274615715360637,,,0.8214285714285714,50.0,,,0.00836151451917143
,,GradientBoosting,,0.7888888888888891,3.0,0.8392857142857142,0.8321685360642309,,,0.8187919463087249,140.0,,,0.00946515736928018
,,GradientBoosting,,0.5777777777777778,2.0,0.8385650224215246,0.8259372326962021,,,0.8146453089244853,125.0,,,0.009810762010146934
,,GradientBoosting,,0.36666666666666653,2.0,0.8385650224215245,0.8275623569213436,,,0.8171557562076751,95.0,,,0.008750452935940269
,,GradientBoosting,,0.2611111111111111,3.0,0.8385650224215245,0.8290879568175025,,,0.8190045248868779,50.0,,,0.007997042204976249
,,GradientBoosting,,0.4722222222222222,3.0,0.8381374722838136,0.8289179675495973,,,0.8171557562076751,65.0,,,0.008752413764007289
,,GradientBoosting,,0.7888888888888891,2.0,0.8381374722838136,0.8210458240946045,,,0.7916666666666666,20.0,,,0.02086657784026167
,,GradientBoosting,,0.5777777777777778,2.0,0.8381374722838136,0.8167983777739874,,,0.7785547785547785,20.0,,,0.0271028418879418
,,AdaBoost,,0.6833333333333333,,0.8380129589632829,0.8270037757762564,,,0.8173913043478261,125.0,,,0.008476487581235037
,,AdaBoost,,0.15555555555555556,,0.8378378378378378,0.8214804143467044,,,0.8009153318077803,100.0,,,0.0153643778240828
,,GradientBoosting,,0.4722222222222222,1.0,0.8378378378378378,0.8241210113111493,,,0.8144796380090499,95.0,,,0.009961872784095608
,,GradientBoosting,,0.4722222222222222,1.0,0.8378378378378377,0.8273613000409984,,,0.8127853881278538,80.0,,,0.010630458134589555
,,GradientBoosting,,0.5777777777777778,1.0,0.8378378378378377,0.8294114737067758,,,0.8181818181818182,110.0,,,0.008265736876156173
,,GradientBoosting,,0.7888888888888891,3.0,0.837719298245614,0.8203486149201523,,,0.8098434004474274,35.0,,,0.012372480657751643
,,GradientBoosting,,0.7888888888888891,3.0,0.837719298245614,0.8182558941972259,,,0.7964205816554809,65.0,,,0.01694334599823143
,,GradientBoosting,,1.0,1.0,0.8374164810690423,0.8087885351130891,,,0.7844036697247706,140.0,,,0.021849368277418842
,,GradientBoosting,,0.7888888888888891,1.0,0.8374164810690423,0.8118327386160082,,,0.7889908256880734,125.0,,,0.019864528631501583
,,GradientBoosting,,0.7888888888888891,2.0,0.8374164810690423,0.8194251193387815,,,0.8053691275167785,140.0,,,0.013375937840317714
,,GradientBoosting,,0.36666666666666653,3.0,0.8371040723981901,0.8316316145246391,,,0.8274336283185841,35.0,,,0.0040494922066546075
,,GradientBoosting,,0.36666666666666653,1.0,0.8371040723981901,0.8142644084771513,,,0.7898383371824481,50.0,,,0.019328734182344046
,,AdaBoost,,0.7888888888888891,,0.8369098712446352,0.8324578083859903,,,0.8296943231441049,125.0,,,0.00317852212761767
,,GradientBoosting,,0.36666666666666653,2.0,0.8366890380313199,0.8238741906722575,,,0.8171557562076751,65.0,,,0.009065022976086641
,,GradientBoosting,,0.36666666666666653,2.0,0.8366890380313199,0.8231140330852699,,,0.8163265306122448,80.0,,,0.009598978051992916
,,GradientBoosting,,0.5777777777777778,3.0,0.8366890380313199,0.8257189533711639,,,0.8161434977578474,95.0,,,0.00844545435588226
,,AdaBoost,,0.36666666666666653,,0.8366890380313199,0.8313374910077648,,,0.8269662921348315,100.0,,,0.004029372061437621
,,GradientBoosting,,0.5777777777777778,2.0,0.8366890380313199,0.8279159538535771,,,0.8190045248868779,140.0,,,0.007220334976045494
,,GradientBoosting,,0.6833333333333333,1.0,0.8362831858407079,0.8220854624141601,,,0.8117913832199546,125.0,,,0.010372750442803115
,,AdaBoost,,1.0,,0.8361344537815126,0.8227230286053815,,,0.8138528138528138,150.0,,,0.009646581901079674
,,GradientBoosting,,0.2611111111111111,2.0,0.8359550561797754,0.8255433366535194,,,0.8190045248868779,95.0,,,0.00744220794584218
,,GradientBoosting,,0.4722222222222222,1.0,0.8359550561797754,0.8234113772117738,,,0.8099547511312217,110.0,,,0.010634192336584131
,,GradientBoosting,,0.8944444444444445,1.0,0.8358862144420129,0.8113761310612452,,,0.7928730512249442,65.0,,,0.01806647209929631
,,GradientBoosting,,0.4722222222222222,2.0,0.8355555555555556,0.8278036953431988,,,0.8216704288939052,50.0,,,0.005782967515609356
,,GradientBoosting,,0.15555555555555556,3.0,0.8352144469525961,0.8213753052723237,,,0.8109339407744874,95.0,,,0.010199490588665202
,,GradientBoosting,,0.2611111111111111,1.0,0.8352144469525961,0.8217154732472373,,,0.8000000000000002,125.0,,,0.015505858400092118
,,GradientBoosting,,0.4722222222222222,3.0,0.8348214285714287,0.8319561460650164,,,0.8269662921348314,80.0,,,0.003541294011179502
,,GradientBoosting,,1.0,1.0,0.8348214285714287,0.8072811016564203,,,0.7834101382488481,125.0,,,0.02114833901390282
,,GradientBoosting,,0.7888888888888891,3.0,0.8347826086956522,0.8266891485794933,,,0.8167770419426048,80.0,,,0.007462381876234631
,,GradientBoosting,,0.2611111111111111,3.0,0.8344671201814059,0.8221487343484815,,,0.8045454545454545,35.0,,,0.01277429963674041
,,GradientBoosting,,0.6833333333333333,2.0,0.8344370860927153,0.8175925541012953,,,0.798165137614679,20.0,,,0.014920166014156203
,,GradientBoosting,,0.6833333333333333,1.0,0.8337028824833702,0.8218403547671841,,,0.8136363636363636,110.0,,,0.008590885174383497
,,GradientBoosting,,0.4722222222222222,2.0,0.8337028824833702,0.8103708111630695,,,0.7842227378190255,20.0,,,0.020298088244124792
,,GradientBoosting,,0.36666666666666653,1.0,0.8333333333333334,0.8231672039011487,,,0.8073394495412843,140.0,,,0.011341986782597721
,,AdaBoost,,0.15555555555555556,,0.8333333333333334,0.8248174038431397,,,0.8100686498855835,125.0,,,0.010470512550705337
,,AdaBoost,,0.8944444444444445,,0.8333333333333334,0.8277310790206833,,,0.8240534521158129,125.0,,,0.004025517925013315
,,GradientBoosting,,0.6833333333333333,3.0,0.8333333333333333,0.8227158115799541,,,0.8063063063063063,50.0,,,0.011769320351496072
,,GradientBoosting,,0.4722222222222222,2.0,0.8329621380846326,0.8271290326520738,,,0.8169642857142858,95.0,,,0.007213651812742398
,,GradientBoosting,,0.6833333333333333,2.0,0.8329621380846325,0.8260573976449472,,,0.8171557562076751,95.0,,,0.0066056106054209205
,,GradientBoosting,,0.5777777777777778,3.0,0.8329621380846325,0.8215079605165676,,,0.8109339407744874,80.0,,,0.009014483809686568
,,GradientBoosting,,0.4722222222222222,3.0,0.8329621380846325,0.826669639223101,,,0.8208616780045351,110.0,,,0.004951859319696348
,,GradientBoosting,,0.15555555555555556,2.0,0.8325791855203621,0.8184036779862208,,,0.7972350230414748,95.0,,,0.01525298961653814
,,GradientBoosting,,0.2611111111111111,1.0,0.8325791855203621,0.8238558083124611,,,0.8109339407744874,140.0,,,0.00932200428434389
,,GradientBoosting,,0.6833333333333333,2.0,0.8322147651006712,0.8290759948478069,,,0.8272727272727273,140.0,,,0.0022276459959614035
,,GradientBoosting,,0.5777777777777778,3.0,0.831858407079646,0.8237540150161881,,,0.8190045248868779,20.0,,,0.00575888282552571
,,GradientBoosting,,0.5777777777777778,2.0,0.8314606741573034,0.8190104834710038,,,0.8082191780821918,50.0,,,0.009560533816163992
,,GradientBoosting,,0.5777777777777778,3.0,0.8311111111111111,0.8230400536282888,,,0.8099547511312217,125.0,,,0.009336483338560526
,,GradientBoosting,,0.4722222222222222,1.0,0.8306997742663658,0.8211176118302852,,,0.8117913832199546,125.0,,,0.007721439398772436
,,GradientBoosting,,1.0,3.0,0.8306997742663658,0.8087695704569491,,,0.7910112359550562,140.0,,,0.016469130486283855
,,GradientBoosting,,0.5777777777777778,2.0,0.8306997742663658,0.8222893508788264,,,0.8073394495412843,95.0,,,0.010598734883913854
,,GradientBoosting,,0.5777777777777778,2.0,0.8306997742663658,0.8253482858190723,,,0.8146453089244853,110.0,,,0.007568147541045371
,,GradientBoosting,,0.4722222222222222,3.0,0.8306997742663657,0.8216342636601978,,,0.8090909090909091,20.0,,,0.009158140732580543
,,GradientBoosting,,0.5777777777777778,2.0,0.8306997742663657,0.8208161213710877,,,0.8082191780821918,80.0,,,0.009376060287386105
,,GradientBoosting,,0.7888888888888891,3.0,0.8300220750551875,0.8171744363428607,,,0.8106904231625836,50.0,,,0.009084785400449158
,,GradientBoosting,,0.6833333333333333,2.0,0.8300220750551875,0.8227837439903759,,,0.8126410835214448,50.0,,,0.007386973382910112
,,GradientBoosting,,0.6833333333333333,2.0,0.8299319727891157,0.821730079295976,,,0.8109339407744874,80.0,,,0.00796989692771256
,,GradientBoosting,,0.8944444444444445,3.0,0.8299319727891157,0.8252226983579702,,,0.8227272727272728,110.0,,,0.0033319434397674217
,,GradientBoosting,,0.7888888888888891,1.0,0.8295964125560539,0.7999931945818922,,,0.7731481481481481,140.0,,,0.023127289383626237
,,GradientBoosting,,0.7888888888888891,2.0,0.8295964125560539,0.8168184298344521,,,0.8053691275167785,125.0,,,0.009935269793532254
,,GradientBoosting,,0.6833333333333333,3.0,0.8295964125560538,0.8227372734754202,,,0.8161434977578474,95.0,,,0.0054953339254189566
,,GradientBoosting,,0.6833333333333333,3.0,0.8295964125560538,0.8194582096582398,,,0.8063063063063063,80.0,,,0.009744025694461977
,,GradientBoosting,,0.6833333333333333,2.0,0.8291571753986332,0.8246128100683431,,,0.820627802690583,125.0,,,0.003504493371611361
,,GradientBoosting,,0.8944444444444445,2.0,0.8289473684210525,0.8151507907567224,,,0.7898383371824481,35.0,,,0.017922809109910988
,,GradientBoosting,,0.7888888888888891,2.0,0.8288288288288291,0.8147784351306857,,,0.8027210884353742,110.0,,,0.010751207819888005
,,GradientBoosting,,1.0,1.0,0.8288288288288291,0.8078172676442898,,,0.7910112359550562,110.0,,,0.015722752970213208
,,GradientBoosting,,0.6833333333333333,1.0,0.8288288288288291,0.8198779645248894,,,0.8153153153153154,140.0,,,0.0063296174532006
,,GradientBoosting,,0.6833333333333333,3.0,0.8288288288288287,0.8215216954730377,,,0.8098434004474274,65.0,,,0.008344335941787228
,,GradientBoosting,,0.5777777777777778,3.0,0.8288288288288287,0.8221375738154261,,,0.8143176733780759,140.0,,,0.005977668915707601
,,GradientBoosting,,0.36666666666666653,1.0,0.8283752860411899,0.8081951498977381,,,0.7813953488372094,35.0,,,0.01974240102981856
,,GradientBoosting,,0.15555555555555556,3.0,0.8283752860411899,0.8079001004399339,,,0.7925407925407926,35.0,,,0.015069989705918874
,,AdaBoost,,0.8944444444444445,,0.8283261802575107,0.8263825676321391,,,0.8235294117647058,100.0,,,0.0020611806770677423
,,GradientBoosting,,0.15555555555555556,3.0,0.8280542986425339,0.8223728030450719,,,0.8117913832199546,65.0,,,0.007488994039614168
,,GradientBoosting,,0.15555555555555556,3.0,0.8280542986425339,0.815150504123341,,,0.7962962962962964,50.0,,,0.013630804382148564
,,GradientBoosting,,0.7888888888888891,2.0,0.8277404921700224,0.8131154157134621,,,0.8009153318077803,50.0,,,0.011084756763798474
,,GradientBoosting,,0.5777777777777778,1.0,0.8274336283185841,0.810152009800902,,,0.7888631090487239,35.0,,,0.015999270241000445
,,GradientBoosting,,0.6833333333333333,2.0,0.8274336283185841,0.8245406294722674,,,0.8192219679633868,110.0,,,0.0037656978956272726
,,GradientBoosting,,0.15555555555555556,2.0,0.8272727272727274,0.8180208552033034,,,0.8000000000000002,80.0,,,0.01274419376617792
,,GradientBoosting,,0.15555555555555556,3.0,0.8272727272727274,0.8229825260944622,,,0.8154897494305238,80.0,,,0.005316766499389256
,,GradientBoosting,,0.2611111111111111,1.0,0.8272727272727274,0.8109441602624945,,,0.7926267281105991,95.0,,,0.01421391343952206
,,GradientBoosting,,0.05,3.0,0.8272727272727273,0.8167537443399513,,,0.8000000000000002,140.0,,,0.011975101964115331
,,GradientBoosting,,0.5777777777777778,1.0,0.8269662921348315,0.8256599073881259,,,0.8235294117647058,125.0,,,0.0015192993390546776
,,GradientBoosting,,0.36666666666666653,1.0,0.8269662921348314,0.8126359657852044,,,0.7962962962962964,110.0,,,0.012601329455589729
,,GradientBoosting,,0.36666666666666653,1.0,0.8269662921348314,0.8208105891390801,,,0.8100686498855835,125.0,,,0.007622674537404193
,,GradientBoosting,,0.6833333333333333,3.0,0.8261851015801355,0.8221373378007072,,,0.8195991091314031,125.0,,,0.002892847077443857
,,GradientBoosting,,0.7888888888888891,2.0,0.8261851015801354,0.8077674460344744,,,0.7889908256880734,95.0,,,0.015186620900863859
,,GradientBoosting,,0.8944444444444445,2.0,0.8261851015801354,0.8117456393913702,,,0.7990970654627539,140.0,,,0.011130914480083349
,,GradientBoosting,,0.7888888888888891,2.0,0.8261851015801354,0.8108426984662224,,,0.7990867579908675,65.0,,,0.01134980446274541
,,GradientBoosting,,0.8944444444444445,2.0,0.8261851015801354,0.7999188607213071,,,0.7855530474040631,95.0,,,0.018600288320277623
,,GradientBoosting,,0.2611111111111111,1.0,0.8261851015801354,0.8169288227742442,,,0.8000000000000002,110.0,,,0.011987933778046116
,,GradientBoosting,,0.6833333333333333,1.0,0.8258928571428572,0.8055324115774937,,,0.7775175644028103,35.0,,,0.02047737995803948
,,GradientBoosting,,0.8944444444444445,3.0,0.8258928571428572,0.8159627041776759,,,0.8100686498855835,140.0,,,0.007062528027294046
,,GradientBoosting,,0.6833333333333333,3.0,0.8258928571428572,0.8202690938631919,,,0.8153153153153154,140.0,,,0.004344172911995375
,,GradientBoosting,,0.8944444444444445,1.0,0.82560706401766,0.812095308682571,,,0.8053097345132744,50.0,,,0.00955428459064998
,,GradientBoosting,,0.6833333333333333,3.0,0.8253968253968254,0.8227540512558673,,,0.8195991091314031,110.0,,,0.0023944540791980213
,,GradientBoosting,,0.4722222222222222,1.0,0.8253968253968254,0.8205047925059773,,,0.8154897494305238,140.0,,,0.004045482021519408
,,GradientBoosting,,1.0,3.0,0.8251121076233184,0.8041398799582237,,,0.7910112359550562,125.0,,,0.014985742460309003
,,GradientBoosting,,0.4722222222222222,2.0,0.8243243243243243,0.8165195770576936,,,0.8090909090909091,80.0,,,0.006224698742281516
,,GradientBoosting,,0.4722222222222222,1.0,0.8243243243243243,0.8114020870613162,,,0.7954022988505747,35.0,,,0.012006231139231495
,,GradientBoosting,,0.8944444444444445,1.0,0.8243243243243243,0.8182822597971207,,,0.8072562358276644,140.0,,,0.007808533794252283
,,GradientBoosting,,0.8944444444444445,3.0,0.8237885462555066,0.8133498678976782,,,0.8063063063063063,65.0,,,0.007530041691064707
,,GradientBoosting,,0.6833333333333333,3.0,0.8235294117647058,0.8218668103361559,,,0.8195991091314031,35.0,,,0.001660608121885416
,,GradientBoosting,,0.2611111111111111,2.0,0.8235294117647058,0.8090855956755117,,,0.7990762124711315,35.0,,,0.010463838848792735
,,GradientBoosting,,1.0,3.0,0.8232662192393736,0.8069076884943335,,,0.7892376681614351,110.0,,,0.013923016335556556
,,GradientBoosting,,0.8944444444444445,3.0,0.8232662192393736,0.8186990551512626,,,0.8127853881278538,125.0,,,0.004383435320470632
,,GradientBoosting,,0.36666666666666653,3.0,0.8229885057471263,0.8149521290987004,,,0.8109339407744874,20.0,,,0.005682576424271198
,,AdaBoost,,0.2611111111111111,,0.8224719101123596,0.8196146662703883,,,0.8163265306122448,100.0,,,0.0025272743048642987
,,GradientBoosting,,0.8944444444444445,1.0,0.8224719101123596,0.8117016814618617,,,0.8018223234624146,125.0,,,0.008453661734856888
,,GradientBoosting,,0.5777777777777778,3.0,0.8224719101123596,0.8129362492925895,,,0.8045454545454545,35.0,,,0.007363083187599226
,,GradientBoosting,,0.36666666666666653,1.0,0.8221709006928407,0.8077061199266117,,,0.7962962962962964,65.0,,,0.010781878639523543
,,GradientBoosting,,0.8944444444444445,3.0,0.8219780219780219,0.8145781389478867,,,0.8054298642533937,80.0,,,0.006867946615924871
,,GradientBoosting,,1.0,2.0,0.8216704288939052,0.7977266605655867,,,0.7806004618937644,140.0,,,0.0174460117574962
,,GradientBoosting,,0.05,3.0,0.8211009174311927,0.8101207716958365,,,0.7990762124711315,125.0,,,0.008991663508222279
,,GradientBoosting,,0.4722222222222222,3.0,0.8208616780045352,0.8094038909106475,,,0.8027522935779815,35.0,,,0.008136831737756145
,,GradientBoosting,,1.0,3.0,0.8208616780045352,0.807203823887372,,,0.7945823927765236,20.0,,,0.010753475020036115
,,GradientBoosting,,0.8944444444444445,2.0,0.8208616780045352,0.8075707079711366,,,0.7964205816554809,125.0,,,0.010092215037799808
,,GradientBoosting,,0.8944444444444445,2.0,0.8208616780045352,0.8091170581115262,,,0.7955555555555556,110.0,,,0.010410755826192941
,,GradientBoosting,,0.5777777777777778,1.0,0.8208616780045351,0.8145684223415777,,,0.805491990846682,140.0,,,0.006576035868524607
,,GradientBoosting,,0.4722222222222222,3.0,0.820627802690583,0.8167845632579317,,,0.8109339407744874,50.0,,,0.004204357243506672
,,GradientBoosting,,0.8944444444444445,2.0,0.820627802690583,0.8072747105876728,,,0.787037037037037,50.0,,,0.014551815020370843
,,GradientBoosting,,0.8944444444444445,3.0,0.8201754385964912,0.8182335448973671,,,0.8144796380090499,35.0,,,0.002654942551962513
,,GradientBoosting,,1.0,2.0,0.8201754385964912,0.8097805676270186,,,0.7889908256880734,35.0,,,0.014700567504146509
,,GradientBoosting,,0.36666666666666653,1.0,0.8198198198198199,0.8145576769429979,,,0.8119266055045871,95.0,,,0.003720896911773187
,,GradientBoosting,,1.0,1.0,0.8198198198198199,0.8044863228271807,,,0.7900677200902935,65.0,,,0.012163459847793514
,,GradientBoosting,,0.8944444444444445,3.0,0.8195991091314031,0.8174133325515482,,,0.8136363636363636,95.0,,,0.0026817287018715465
,,GradientBoosting,,0.8944444444444445,3.0,0.8195991091314031,0.8110779367745694,,,0.8018433179723503,50.0,,,0.007266305080933453
,,GradientBoosting,,0.15555555555555556,2.0,0.8194444444444444,0.8021150275823173,,,0.7803738317757009,50.0,,,0.016252713387186018
,,GradientBoosting,,0.15555555555555556,2.0,0.8194444444444444,0.8082737716536861,,,0.7888631090487239,65.0,,,0.013777459677556064
,,GradientBoosting,,0.36666666666666653,2.0,0.8192219679633868,0.8097712370275509,,,0.8027522935779815,35.0,,,0.006940112216868463
,,GradientBoosting,,0.2611111111111111,1.0,0.8192219679633868,0.8067231423501271,,,0.7962962962962964,80.0,,,0.0094733461113388
,,GradientBoosting,,1.0,2.0,0.8185840707964602,0.7981824463351573,,,0.7688679245283019,20.0,,,0.021252507369853155
,,GradientBoosting,,0.05,3.0,0.8183908045977012,0.8063935063836709,,,0.7888631090487239,110.0,,,0.012673662730762777
,,GradientBoosting,,0.36666666666666653,2.0,0.8183807439824945,0.812452941217528,,,0.8018223234624146,20.0,,,0.0075335991466502685
,,GradientBoosting,,1.0,2.0,0.8179775280898878,0.8019986537565371,,,0.7880184331797234,125.0,,,0.012312129644865088
,,GradientBoosting,,1.0,1.0,0.8173515981735161,0.8009516990388835,,,0.7927107061503418,95.0,,,0.011596528310197212
,,GradientBoosting,,0.5777777777777778,2.0,0.817351598173516,0.8109630932931171,,,0.8027522935779815,65.0,,,0.006097840738973643
,,GradientBoosting,,1.0,3.0,0.817155756207675,0.8020685027627034,,,0.7881548974943052,80.0,,,0.011868601126782372
,,GradientBoosting,,0.8944444444444445,2.0,0.817155756207675,0.8038128459448558,,,0.7898383371824481,65.0,,,0.011161228518058107
,,GradientBoosting,,0.15555555555555556,1.0,0.8167053364269141,0.807972257437803,,,0.7906976744186047,140.0,,,0.012215225174800231
,,GradientBoosting,,1.0,1.0,0.8163265306122449,0.8033461422055597,,,0.7955056179775281,80.0,,,0.009244502999688832
,,GradientBoosting,,0.15555555555555556,1.0,0.8156682027649771,0.8011238266266729,,,0.7811764705882352,125.0,,,0.014590271667312131
,,GradientBoosting,,0.7888888888888891,2.0,0.8154897494305241,0.8066784013253262,,,0.8000000000000002,80.0,,,0.006501034831954439
,,GradientBoosting,,1.0,1.0,0.8151447661469933,0.8028043847914681,,,0.7816091954022988,50.0,,,0.015054663624662797
,,GradientBoosting,,0.36666666666666653,1.0,0.8146453089244851,0.8091554174626833,,,0.8027522935779815,80.0,,,0.00489805734291459
,,GradientBoosting,,0.6833333333333333,2.0,0.8144796380090499,0.8069546512353069,,,0.7981651376146789,65.0,,,0.0067201191402807905
,,GradientBoosting,,1.0,3.0,0.8144796380090498,0.7984484138845657,,,0.7835990888382689,65.0,,,0.012634601783607822
,,GradientBoosting,,1.0,2.0,0.8143176733780761,0.8035080438508325,,,0.7917620137299771,80.0,,,0.00923208463616635
,,GradientBoosting,,0.8944444444444445,2.0,0.8134831460674158,0.8054013200987556,,,0.7892376681614351,20.0,,,0.01142942789361835
,,GradientBoosting,,0.7888888888888891,1.0,0.8116591928251121,0.7962848770297822,,,0.7710280373831776,35.0,,,0.01799946122137964
,,GradientBoosting,,1.0,3.0,0.8106904231625836,0.8023541017495838,,,0.7891156462585034,35.0,,,0.009465408549197005
,,GradientBoosting,,0.4722222222222222,2.0,0.8100686498855836,0.8096753962200186,,,0.8088888888888889,65.0,,,0.0005561446672947894
,,GradientBoosting,,1.0,3.0,0.8099547511312217,0.8033352745514014,,,0.7955056179775281,95.0,,,0.005960579610339757
,,GradientBoosting,,0.15555555555555556,1.0,0.8093023255813954,0.7993435124201422,,,0.7822014051522248,110.0,,,0.012174146313511757
,,GradientBoosting,,0.15555555555555556,1.0,0.8093023255813954,0.7943237632402808,,,0.7793427230046949,95.0,,,0.012230956660415149
,,GradientBoosting,,0.2611111111111111,1.0,0.8093023255813954,0.8006129510526901,,,0.7897196261682243,65.0,,,0.008145083464055491
,,GradientBoosting,,0.8944444444444445,1.0,0.8089887640449439,0.7966589605394758,,,0.7738927738927738,35.0,,,0.016116672547257342
,,GradientBoosting,,0.8944444444444445,2.0,0.8063781321184511,0.7982341860902512,,,0.7892376681614351,80.0,,,0.007023486090716447
,,GradientBoosting,,1.0,2.0,0.8054298642533937,0.7954358414139581,,,0.7891156462585034,110.0,,,0.007148947921892155
,,GradientBoosting,,1.0,1.0,0.8053691275167785,0.7940990276231304,,,0.7824074074074074,35.0,,,0.009378820364051304
,,GradientBoosting,,1.0,2.0,0.8053097345132744,0.7987229379020019,,,0.7917620137299771,65.0,,,0.0055371571032634785
,,GradientBoosting,,0.05,3.0,0.8046511627906977,0.7933669567719589,,,0.7735849056603774,95.0,,,0.014034198978169005
,,GradientBoosting,,0.05,2.0,0.8037383177570094,0.7918077145645874,,,0.7688679245283019,140.0,,,0.01622524221089872
,,GradientBoosting,,1.0,2.0,0.8036529680365296,0.8006230924907838,,,0.7955555555555556,50.0,,,0.0036061124197117314
,,GradientBoosting,,0.05,2.0,0.8028169014084507,0.7915272024302679,,,0.7717647058823528,125.0,,,0.014021434442571585
,,GradientBoosting,,0.2611111111111111,1.0,0.8028169014084507,0.7732682569889396,,,0.7529976019184651,35.0,,,0.02137056332417487
,,GradientBoosting,,0.2611111111111111,3.0,0.8027842227378191,0.7969012722683181,,,0.7916666666666666,20.0,,,0.00456181809878146
,,GradientBoosting,,1.0,3.0,0.8027210884353742,0.7960259083951641,,,0.7899543378995434,50.0,,,0.00523062433871337
,,GradientBoosting,,0.05,3.0,0.8018648018648019,0.7896256458573759,,,0.7735849056603774,80.0,,,0.011854033465338887
,,GradientBoosting,,1.0,2.0,0.8,0.796690458435425,,,0.7936507936507937,95.0,,,0.002599067835906453
,,GradientBoosting,,0.5777777777777778,1.0,0.7990762124711318,0.7846088299802033,,,0.7688679245283019,20.0,,,0.01236531602664823
,,GradientBoosting,,0.2611111111111111,2.0,0.7971698113207547,0.7757346764461367,,,0.7589498806682577,20.0,,,0.015945950688840808
,,GradientBoosting,,0.15555555555555556,1.0,0.7971698113207547,0.7842558645563206,,,0.7688679245283019,80.0,,,0.011685879827221695
,,GradientBoosting,,0.05,2.0,0.7952941176470588,0.7826455352849128,,,0.7677725118483413,110.0,,,0.01134521338142784
,,GradientBoosting,,0.6833333333333333,1.0,0.7935034802784223,0.7846468304859261,,,0.7688679245283019,20.0,,,0.011185284219040088
,,GradientBoosting,,0.15555555555555556,2.0,0.7933491686460808,0.7829748652111576,,,0.7735849056603774,35.0,,,0.008098692178522798
,,GradientBoosting,,0.05,2.0,0.7914691943127963,0.7761656847367172,,,0.7648456057007127,95.0,,,0.011228079586378241
,,GradientBoosting,,0.7888888888888891,1.0,0.7905882352941177,0.7772785734011914,,,0.7619047619047621,20.0,,,0.011800591697275237
,,AdaBoost,,0.05,,0.7895981087470451,0.7842661849340814,,,0.7764705882352941,150.0,,,0.00563531790069657
,,GradientBoosting,,0.4722222222222222,1.0,0.7878787878787878,0.7772580237035213,,,0.7619047619047621,20.0,,,0.0111193497004731
,,AdaBoost,,0.05,,0.7877358490566038,0.7725151719480207,,,0.7591240875912408,125.0,,,0.011752128339604274
,,GradientBoosting,,0.15555555555555556,3.0,0.7877358490566038,0.7771235033733354,,,0.7695961995249406,20.0,,,0.007720096442622216
,,GradientBoosting,,0.8944444444444445,3.0,0.7858823529411766,0.7622969319059706,,,0.7365853658536585,5.0,,,0.02018148662267896
,,GradientBoosting,,0.15555555555555556,1.0,0.7857142857142856,0.7768127754829882,,,0.7706855791962175,65.0,,,0.0064414345347731106
,,GradientBoosting,,0.7888888888888891,3.0,0.784869976359338,0.7728253429892553,,,0.7592592592592593,5.0,,,0.010510734702938259
,,GradientBoosting,,0.8944444444444445,1.0,0.7844036697247706,0.7775381057525892,,,0.7688679245283019,20.0,,,0.006469535133858718
,,GradientBoosting,,0.05,3.0,0.7809523809523808,0.7732785200411098,,,0.7619047619047621,65.0,,,0.008204465347313521
,,GradientBoosting,,1.0,1.0,0.7775175644028104,0.7659670858161246,,,0.7577937649880095,20.0,,,0.008398847608790547
,,GradientBoosting,,0.36666666666666653,1.0,0.7732696897374702,0.7635002440439819,,,0.7439613526570049,20.0,,,0.01381608259659875
,,GradientBoosting,,0.2611111111111111,1.0,0.7729468599033816,0.7676418791723091,,,0.7648456057007127,50.0,,,0.003753024469178325
,,GradientBoosting,,0.5777777777777778,3.0,0.7703349282296651,0.7514113871754962,,,0.7272727272727273,5.0,,,0.017962672152136153
,,AdaBoost,,0.05,,0.7673860911270983,0.7524493111696984,,,0.738154613466334,100.0,,,0.01194233432719223
,,GradientBoosting,,0.36666666666666653,3.0,0.7673860911270983,0.7374002944715574,,,0.7082294264339153,5.0,,,0.0241574809102636
,,GradientBoosting,,0.15555555555555556,1.0,0.7651331719128328,0.7536339896722875,,,0.7347931873479319,50.0,,,0.013430145319165645
,,GradientBoosting,,0.6833333333333333,3.0,0.7644230769230768,0.7547991849999148,,,0.7493917274939174,5.0,,,0.0068224680681338
,,GradientBoosting,,0.2611111111111111,1.0,0.7632850241545894,0.7478713287153811,,,0.7272727272727273,20.0,,,0.015152201586464091
,,GradientBoosting,,1.0,3.0,0.7614457831325301,0.7534126845546437,,,0.7487922705314008,5.0,,,0.0057016171500643
,,GradientBoosting,,0.4722222222222222,3.0,0.7589498806682577,0.7455603243684109,,,0.7205882352941178,5.0,,,0.017673336943093334
,,GradientBoosting,,0.05,2.0,0.7579462102689487,0.7356709195716128,,,0.7114427860696518,65.0,,,0.019035095864037017
,,GradientBoosting,,0.05,1.0,0.7579462102689487,0.7336771785074602,,,0.7067669172932332,125.0,,,0.020977163410719486
,,GradientBoosting,,0.05,2.0,0.7567567567567567,0.7508378950429867,,,0.7396593673965938,80.0,,,0.00790899256228206
,,GradientBoosting,,0.05,3.0,0.7536945812807881,0.7457303045997086,,,0.7334963325183375,50.0,,,0.008781231400963943
,,GradientBoosting,,1.0,2.0,0.7493917274939172,0.7161174287046491,,,0.6936708860759493,5.0,,,0.024001850896491702
,,GradientBoosting,,0.05,1.0,0.746268656716418,0.736610189487716,,,0.7209876543209875,140.0,,,0.011149285487016249
,,GradientBoosting,,0.05,3.0,0.7389162561576356,0.7204737286231621,,,0.7035175879396985,35.0,,,0.014489615529843843
,,GradientBoosting,,0.15555555555555556,1.0,0.7363184079601991,0.7181503806499036,,,0.702020202020202,35.0,,,0.014076134722983203
,,GradientBoosting,,0.6833333333333333,2.0,0.7363184079601989,0.7045413379156059,,,0.6785714285714286,5.0,,,0.023930047272304685
,,GradientBoosting,,0.15555555555555556,2.0,0.7331670822942643,0.7152994856515243,,,0.6919191919191919,20.0,,,0.017284665400284685
,,GradientBoosting,,0.05,1.0,0.7300000000000001,0.7094053475000547,,,0.6987341772151898,95.0,,,0.01456581713138805
,,GradientBoosting,,0.05,1.0,0.7300000000000001,0.7218130599427357,,,0.7132169576059849,110.0,,,0.00685775416726903
,,GradientBoosting,,0.5777777777777778,2.0,0.7295285359801489,0.697858164092204,,,0.6683937823834197,5.0,,,0.02500685664421009
,,GradientBoosting,,0.36666666666666653,2.0,0.7277227722772278,0.7143503978208137,,,0.7064676616915423,5.0,,,0.00950603416168055
,,GradientBoosting,,0.05,2.0,0.7268170426065163,0.7142558777897122,,,0.7067669172932332,50.0,,,0.008936715420851577
,,GradientBoosting,,0.4722222222222222,2.0,0.7245657568238213,0.6974037211622184,,,0.680306905370844,5.0,,,0.019419800398239782
,,GradientBoosting,,0.2611111111111111,2.0,0.7139240506329114,0.6914894227733287,,,0.6666666666666667,5.0,,,0.01936650806980346
,,GradientBoosting,,0.2611111111111111,3.0,0.71356783919598,0.7060766146193282,,,0.6969696969696971,5.0,,,0.006871798863011719
,,GradientBoosting,,0.7888888888888891,2.0,0.7121212121212123,0.7008966908275172,,,0.6852791878172588,5.0,,,0.011389974640154728
,,GradientBoosting,,0.8944444444444445,2.0,0.7067669172932332,0.6991119258848575,,,0.6852791878172588,5.0,,,0.009799797441693044
,,GradientBoosting,,0.05,2.0,0.7055837563451776,0.6883272960977246,,,0.6701030927835052,35.0,,,0.014501075056160532
,,GradientBoosting,,0.05,1.0,0.7055837563451776,0.6894424908590886,,,0.6718346253229974,80.0,,,0.013816997936553136
,,GradientBoosting,,0.15555555555555556,3.0,0.7043701799485861,0.684948068827814,,,0.6736292428198434,5.0,,,0.01379610394526511
,,GradientBoosting,,0.05,3.0,0.6923076923076922,0.6804432489808071,,,0.6683937823834197,20.0,,,0.009763689438408158
,,GradientBoosting,,0.15555555555555556,1.0,0.6870229007633587,0.6705141900368714,,,0.6560846560846559,20.0,,,0.012715763917118058
,,GradientBoosting,,0.05,1.0,0.6858638743455497,0.6771092474961301,,,0.6718346253229974,65.0,,,0.006233660318220202
,,GradientBoosting,,0.05,1.0,0.6701030927835052,0.6607134709853894,,,0.6525198938992043,50.0,,,0.007227960199388841
,,GradientBoosting,,0.5777777777777778,1.0,0.6701030927835052,0.6516130253327773,,,0.6413043478260869,5.0,,,0.013103263813338109
,,GradientBoosting,,0.05,1.0,0.6701030927835052,0.6570962462891441,,,0.6434316353887399,35.0,,,0.010898506026074943
,,GradientBoosting,,0.4722222222222222,1.0,0.6701030927835052,0.6516130253327773,,,0.6413043478260869,5.0,,,0.013103263813338109
,,GradientBoosting,,0.15555555555555556,2.0,0.6666666666666667,0.6547352078661377,,,0.6397849462365592,5.0,,,0.011180089481189984
,,GradientBoosting,,0.05,2.0,0.6649350649350649,0.6619489901223647,,,0.6577540106951871,20.0,,,0.003053737903422102
,,GradientBoosting,,1.0,1.0,0.6434316353887399,0.6422152658461447,,,0.6413043478260869,5.0,,,0.0008949165950038182
,,GradientBoosting,,0.6833333333333333,1.0,0.6434316353887399,0.6422152658461447,,,0.6413043478260869,5.0,,,0.0008949165950038182
,,GradientBoosting,,0.36666666666666653,1.0,0.6434316353887399,0.6422152658461447,,,0.6413043478260869,5.0,,,0.0008949165950038182
,,GradientBoosting,,0.8944444444444445,1.0,0.6434316353887399,0.6422152658461447,,,0.6413043478260869,5.0,,,0.0008949165950038182
,,GradientBoosting,,0.7888888888888891,1.0,0.6434316353887399,0.6422152658461447,,,0.6413043478260869,5.0,,,0.0008949165950038182
,,GradientBoosting,,0.2611111111111111,1.0,0.6434316353887399,0.6422152658461447,,,0.6413043478260869,5.0,,,0.0008949165950038182
,,GradientBoosting,,0.05,3.0,0.6397849462365592,0.596045883369155,,,0.5689655172413793,5.0,,,0.031219459888537623
,,GradientBoosting,,0.05,1.0,0.5842696629213483,0.5802665688979106,,,0.5771428571428572,20.0,,,0.0029752114806116405
,,GradientBoosting,,0.15555555555555556,1.0,0.5842696629213483,0.5775407889307513,,,0.5689655172413793,5.0,,,0.006382847175305582
,,GradientBoosting,,0.05,2.0,0.5802816901408451,0.5762114646705836,,,0.5689655172413793,5.0,,,0.0051366558344922274
,,GradientBoosting,,0.05,1.0,0.37133550488599343,0.3544999556510893,,,0.3232323232323233,5.0,,,0.02213131702770131
0.95,,SVM,rbf,,,0.031620553359683785,0.013206851119894598,,,0.0,,,,0.01342381770415836
0.9000000000000001,,SVM,rbf,,,0.015936254980079678,0.007978751660026559,,,0.0,,,,0.006505966201187558
0.5,,SVM,rbf,,,0.007999999999999998,0.002666666666666666,,,0.0,,,,0.003771236166328253
0.7000000000000001,,SVM,rbf,,,0.007999999999999998,0.002666666666666666,,,0.0,,,,0.003771236166328253
0.8500000000000001,,SVM,rbf,,,0.007999999999999998,0.005333333333333332,,,0.0,,,,0.003771236166328253
0.8,,SVM,rbf,,,0.007999999999999998,0.005333333333333332,,,0.0,,,,0.003771236166328253
0.7500000000000001,,SVM,rbf,,,0.007999999999999998,0.002666666666666666,,,0.0,,,,0.003771236166328253
0.6500000000000001,,SVM,rbf,,,0.007999999999999998,0.002666666666666666,,,0.0,,,,0.003771236166328253
0.6000000000000001,,SVM,rbf,,,0.007999999999999998,0.002666666666666666,,,0.0,,,,0.003771236166328253
0.45,,SVM,rbf,,,0.007999999999999998,0.002666666666666666,,,0.0,,,,0.003771236166328253
0.55,,SVM,rbf,,,0.007999999999999998,0.002666666666666666,,,0.0,,,,0.003771236166328253
0.1,,SVM,rbf,,,0.0,0.0,,,0.0,,,,0.0
0.4,,SVM,rbf,,,0.0,0.0,,,0.0,,,,0.0
0.05,,SVM,rbf,,,0.0,0.0,,,0.0,,,,0.0
0.2,,SVM,rbf,,,0.0,0.0,,,0.0,,,,0.0
0.3,,SVM,rbf,,,0.0,0.0,,,0.0,,,,0.0
0.35000000000000003,,SVM,rbf,,,0.0,0.0,,,0.0,,,,0.0
0.25,,SVM,rbf,,,0.0,0.0,,,0.0,,,,0.0
0.15000000000000002,,SVM,rbf,,,0.0,0.0,,,0.0,,,,0.0
